season,episode,overall,guest,female_flag,notes,result,url_status,video_id,video_url,video_title,channel_title,done,n_comments,mean,variance,positive_ratio,mean_nozero,variance_nozero,mean_1000,variance_1000,positive_ratio_1000,mean_nozero_1000,variance_nozero_1000,mean_toxicity,mean_severe_toxicity,var_toxicity,var_severe_toxicity,mean_toxicity_1000,mean_severe_toxicity_1000,var_toxicity_1000,var_severe_toxicity_1000
1.0,1.0,1.0,Tony Yayo,0.0,,0.0,verified,LgYx31lsNpg,https://www.youtube.com/watch?v=LgYx31lsNpg,Tony Yayo Talks Shmoney Dance &amp; Eminem&#39;s Taco Habit While Eating Spicy Chicken Wings | Hot Ones,Complex,1.0,258.0,-0.033516406250000005,0.16791315762146,1.0,-0.05644868421052631,0.2815066106561634,-0.033516406250000005,0.16791315762146,1.0,-0.05644868421052631,0.2815066106561634,0.40650493883515626,0.30837906797500003,0.12257588948976515,0.09312992468295425,0.40650493883515626,0.30837906797500003,0.12257588948976515,0.09312992468295425
1.0,2.0,2.0,Anthony Rizzo,0.0,,1.0,verified,eEKHOXiuJeM,https://www.youtube.com/watch?v=eEKHOXiuJeM,Anthony Rizzo On Chicago Cubs Rivalries &amp; Baseball Superstitions While Eating Spicy Wings | Hot Ones,Complex,1.0,366.0,0.08806885245901637,0.1979171109423989,1.3963963963963963,0.12117744360902255,0.2683100254310589,0.08806885245901637,0.1979171109423989,1.3963963963963963,0.12117744360902255,0.2683100254310589,0.32247411773387974,0.218727689663388,0.09554706266127476,0.067247322593905,0.32247411773387974,0.218727689663388,0.09554706266127476,0.067247322593905
1.0,3.0,3.0,Machine Gun Kelly,0.0,,1.0,verified,RYnevjZbIQ8,https://www.youtube.com/watch?v=RYnevjZbIQ8,"Machine Gun Kelly Talks Diddy, Hangovers &amp; Amber Rose While Eating Spicy Wings | Hot Ones",Complex,1.0,2753.0,-0.02666099600145402,0.2048883368683646,0.8650875386199794,-0.04049939260077305,0.3106752323740099,0.0456199,0.21456132757399,1.2451612903225806,0.06554583333333333,0.3069717075975815,0.44062628525154485,0.31934058308593233,0.11495543255243268,0.08355172678963667,0.427352008266533,0.3046419574150301,0.11840171745901813,0.082617062039415
1.0,4.0,4.0,Gunplay,0.0,,1.0,verified,YsZ_L_HjU5E,https://www.youtube.com/watch?v=YsZ_L_HjU5E,"Gunplay Talks Rick Ross, Wingstop, and X-Box Live Fights While Eating Spicy Wings | Hot Ones",Complex,1.0,1278.0,0.08443743148003133,0.1993591673694403,1.6439628482972135,0.12626065573770492,0.2928243567424271,0.0840395,0.20615771914975,1.5962264150943395,0.12215043604651166,0.2949925801451587,0.4077111324878621,0.2869511738501175,0.10357150922325277,0.07386145293528419,0.4196663304794795,0.2963583615411411,0.10642908751316804,0.07603633537420058
1.0,5.0,5.0,Ja Rule,0.0,,1.0,verified,MYA_ahuHnG0,https://www.youtube.com/watch?v=MYA_ahuHnG0,"Ja Rule Talks 50 Cent Beef, Jail Recipes, and Media Stereotypes While Eating Spicy Wings | Hot Ones",Complex,1.0,852.0,0.013914201877934277,0.2158239910541752,1.1624548736462097,0.019791151919866447,0.30686539185827244,0.013914201877934277,0.2158239910541752,1.1624548736462097,0.019791151919866447,0.30686539185827244,0.40902110506279343,0.29260630733732396,0.11198824804516984,0.0817942849308012,0.40902110506279343,0.29260630733732396,0.11198824804516984,0.0817942849308012
1.0,6.0,6.0,B.o.B,0.0,,1.0,manually found; verified,wv1Dhz1w5w0,https://www.youtube.com/watch?v=wv1Dhz1w5w0,"B.o.B Talks Eggplant Fridays,Kid Rock, and Snapchat While Eating Spicy Wings | Hot Ones",Complex,1.0,243.0,0.012360082304526749,0.17644719046419075,1.115942028985507,0.020571917808219167,0.2935068701018015,0.012360082304526749,0.17644719046419075,1.115942028985507,0.020571917808219167,0.2935068701018015,0.3759660235144032,0.25520430728395066,0.10423371816125096,0.07164698853047001,0.3759660235144032,0.25520430728395066,0.10423371816125096,0.07164698853047001
1.0,7.0,7.0,Prince Amukamara,0.0,,1.0,verified,Tj-LZotn4Cg,https://www.youtube.com/watch?v=Tj-LZotn4Cg,Prince Amukamara Talks NFL Salaries &amp; Pre-Game Sex While Eating Spicy Wings | Hot Ones,Complex,1.0,240.0,0.1074075,0.16455399119375005,1.96078431372549,0.17071390728476826,0.25073548331652123,0.1074075,0.16455399119375005,1.96078431372549,0.17071390728476826,0.25073548331652123,0.2981686995616667,0.2025560148341667,0.0858667184065918,0.060086017962208235,0.2981686995616667,0.2025560148341667,0.0858667184065918,0.060086017962208235
1.0,8.0,8.0,DJ Khaled,0.0,,0.0,verified,tcEpHnaZMgg,https://www.youtube.com/watch?v=tcEpHnaZMgg,"DJ Khaled Talks Fuccbois, Finga Licking, and Media Dinosaurs While Eating Spicy Wings | Hot Ones",Complex,1.0,6087.0,-0.0600843739730529,0.2247110538816899,0.8076923076923077,-0.08276901312811226,0.3076723183630369,0.0198444,0.19621137364864005,1.1473354231974922,0.028969927007299275,0.28617559567955675,0.5291845908627999,0.3832335879160533,0.1312289760895108,0.10555419107859441,0.42348505756400007,0.304477826977,0.1231273025039227,0.09381505657454363
2.0,1.0,9.0,Curren$y,0.0,,1.0,verified,N3tpKWooEsc,https://www.youtube.com/watch?v=N3tpKWooEsc,"Curren$y Talks Munchies, Industry Games, and Rap Dogs While Eating Spicy Wings | Hot Ones",Complex,1.0,642.0,0.0941309968847352,0.1722851589924642,1.6986301369863013,0.15338096446700508,0.2716407921503388,0.0941309968847352,0.1722851589924642,1.6986301369863013,0.15338096446700508,0.2716407921503388,0.37767858913862923,0.2794981319482866,0.09841526547802998,0.0694005792630918,0.37767858913862923,0.2794981319482866,0.09841526547802998,0.0694005792630918
2.0,2.0,10.0,Tinashe,1.0,,1.0,verified,u2r9Lo9-7rY,https://www.youtube.com/watch?v=u2r9Lo9-7rY,Tinashe Talks NFL Dances and 2015&#39;s Sexiest Songs While Eating Spicy Wings | Hot Ones,First We Feast,1.0,1044.0,0.1034971264367816,0.21199521129442464,1.6420664206642066,0.15090921787709494,0.30195541438430445,0.1060745,0.21335287061974997,1.6563706563706564,0.1541780523255814,0.30268940459097404,0.36661789076628354,0.24841015208400383,0.09155268929580415,0.06384978626061501,0.368566968655,0.2497637529287,0.09256611768049691,0.0644243894203698
2.0,3.0,11.0,Tommy Chong,0.0,,1.0,verified,tg8yUmmfRrU,https://www.youtube.com/watch?v=tg8yUmmfRrU,"Tommy Chong Talks Weed, Bernie Sanders, and Smoking with Snoop While Eating Spicy Wings | Hot Ones",Complex,1.0,1496.0,0.12918235294117647,0.20227939492922306,1.9428571428571428,0.1876279611650485,0.2828300617424451,0.1159501,0.19823876809999,1.804081632653061,0.1687774381368268,0.2796410960120685,0.33194451937299463,0.22204635100447861,0.08813148416088339,0.06082851038086605,0.337335936417,0.2271090183766,0.0912894744970751,0.06340043390472466
2.0,4.0,12.0,TJ Miller,0.0,,1.0,verified,I3RUflwPlH8,https://www.youtube.com/watch?v=I3RUflwPlH8,"T.J. Miller Talks Deadpool, Hecklers, and Relationship Advice While Eating Spicy Wings | Hot Ones",First We Feast,1.0,2786.0,0.1488173366834171,0.2099790129621817,2.04320987654321,0.2102459939148073,0.2837387908409493,0.1910512,0.21238776495856,2.3611111111111107,0.26315592286501377,0.2735703459084459,0.3164365087903805,0.2064604783107681,0.09357657214798452,0.05853134013554742,0.31924523113099995,0.2087925989588,0.09680381687229402,0.058821633869228215
2.0,5.0,13.0,Coolio,0.0,,1.0,verified,fhcW3cdZKEg,https://www.youtube.com/watch?v=fhcW3cdZKEg,Coolio Talks Hip-Hop Cooking and &quot;Gangsta&#39;s Paradise&quot; Folklore While Eating Spicy Wings | Hot Ones,Complex,1.0,978.0,0.04257433537832312,0.1889080976337608,1.338403041825095,0.06770357723577236,0.29870861081647165,0.04257433537832312,0.1889080976337608,1.338403041825095,0.06770357723577236,0.29870861081647165,0.351621408440184,0.24294998680337423,0.1001993466512485,0.0684865542616094,0.351621408440184,0.24294998680337423,0.1001993466512485,0.0684865542616094
2.0,6.0,14.0,Joey Fatone,0.0,,1.0,verified,0_57CGBe1to,https://www.youtube.com/watch?v=0_57CGBe1to,"Joey Fatone Talks *NSYNC, DJ Khaled, and Guy Fieri While Eating Spicy Wings | Hot Ones",First We Feast,1.0,877.0,0.17562006841505132,0.22812770021299425,2.243654822335025,0.24103098591549296,0.29732939290528776,0.17562006841505132,0.22812770021299425,2.243654822335025,0.24103098591549296,0.29732939290528776,0.31469619890877987,0.2042203803628278,0.08352085429255207,0.053405538390600235,0.31469619890877987,0.2042203803628278,0.08352085429255207,0.053405538390600235
2.0,7.0,15.0,Michael Rapaport,0.0,,1.0,verified,f4lxK6EU04k,https://www.youtube.com/watch?v=f4lxK6EU04k,"Michael Rapaport Talks LeBron James, Phife Dawg, &amp; Reality TV  While Eating Spicy Wings | Hot Ones",First We Feast,1.0,1616.0,0.08437481435643564,0.21966234278771304,1.4696629213483146,0.1240670609645132,0.318073084647504,0.1102412,0.21547915434256,1.6705882352941177,0.16188135095447873,0.3080562145861338,0.39734092298081686,0.2818755543071782,0.11357734731744101,0.08027511367591963,0.378995820423,0.2660577523962,0.11083915890957152,0.07568750299055617
2.0,8.0,16.0,Key & Peele,0.0,,1.0,verified,3_9v-7rtVDk,https://www.youtube.com/watch?v=3_9v-7rtVDk,Key &amp; Peele Lose Their Minds Eating Spicy Wings | Hot Ones,First We Feast,1.0,6789.0,0.14044115480925026,0.1959551252645966,2.1183932346723044,0.2154700564971752,0.28447517829660696,0.16830799999999999,0.220301446236,2.1415929203539825,0.23705352112676056,0.293987359248165,0.28339457351632047,0.19394462906749155,0.07953567814076248,0.053243932018364123,0.302206214838,0.2061627067184,0.08568800958055531,0.055255905543200666
2.0,9.0,17.0,Riff Raff,0.0,,1.0,verified,iphqdyydiUs,https://www.youtube.com/watch?v=iphqdyydiUs,Riff Raff Goes Full Burly Boy on Some Spicy Wings | Hot Ones,First We Feast,1.0,4241.0,0.055699198113207546,0.1618117816691683,1.4721377912867275,0.09678877049180327,0.2772041196116031,0.0577917,0.14763910156111,1.5609756097560976,0.11007942857142858,0.2754615330244353,0.3410180485913915,0.22764608957952834,0.09746451664676604,0.06346432396792738,0.3187492886,0.21599501755540002,0.0945953335138357,0.06171498974427431
2.0,10.0,18.0,Eddie Huang,0.0,first appearance,0.0,manually found; verified,SFdR240qaXA,https://www.youtube.com/watch?v=SFdR240qaXA,Eddie Huang Gets Destroyed by Spicy Wings | Hot Ones,First We Feast,1.0,2869.0,0.06064980829557338,0.231542306354965,1.3453908984830805,0.08656930348258708,0.32825113100299746,0.07774539999999999,0.22316811523884,1.4705882352941178,0.11569255952380952,0.3277052055696393,0.36760739994719416,0.2537925897028581,0.1117321662144895,0.07561792756981847,0.347203848581,0.2426460446008,0.10839200959768211,0.07282478885340501
2.0,11.0,19.0,Chris D'Elia,0.0,,1.0,verified,tFRjzukT7Es,https://www.youtube.com/watch?v=tFRjzukT7Es,Chris D&#39;Elia Turns Into DJ Khaled While Eating Spicy Wings | Hot Ones,First We Feast,1.0,1930.0,0.1741562694300518,0.19205362079230048,2.522099447513812,0.2636247843137255,0.26713034333867897,0.18276070000000005,0.19334249858551,2.5729729729729733,0.2764912254160363,0.2665843300289068,0.33627544655440417,0.233045911797772,0.09661054355807525,0.06597958584061892,0.34293540576599996,0.24035402803509998,0.09791519554809634,0.06716509892011752
2.0,12.0,20.0,Mike Epps,0.0,,0.0,verified,pyw73zcYrl0,https://www.youtube.com/watch?v=pyw73zcYrl0,Mike Epps Gets Crushed by Spicy Wings | Hot Ones,First We Feast,1.0,1785.0,0.06436268907563025,0.1801587674482311,1.525229357798165,0.10434822888283378,0.287910595085419,0.056936,0.17226660090400006,1.4628099173553717,0.09553020134228188,0.28535100915499306,0.33841549046946784,0.23593184375994397,0.09168042261794697,0.06438171374485095,0.32640103488,0.22582380417529999,0.087390600441016,0.061303694611377864
2.0,13.0,21.0,Jim Gaffigan,0.0,,0.0,verified,2j9N2eS_pzI,https://www.youtube.com/watch?v=2j9N2eS_pzI,Jim Gaffigan Rediscovers His Flop Sweat Eating Spicy Wings | Hot Ones,First We Feast,1.0,1793.0,0.12951773563859453,0.1893248305164566,1.9974358974358968,0.1986529512403764,0.2766505345870985,0.14793430000000002,0.18663458809351,2.212121212121212,0.2326011006289309,0.2737570191969018,0.28049171850334637,0.1806560558665923,0.07484634367977604,0.04698768532195568,0.26273967208750004,0.16860882870359997,0.07012538857168332,0.04315079459650497
2.0,14.0,22.0,Carly Aquilino,1.0,,1.0,verified,ISjBsmI76KA,https://www.youtube.com/watch?v=ISjBsmI76KA,Carly Aquilino Takes on the Spicy Wings Challenge | Hot Ones,First We Feast,1.0,1624.0,0.14420209359605912,0.21557428771729176,2.032520325203252,0.20927989276139408,0.2992425834830984,0.15132579999999998,0.20971067453436004,2.219047619047619,0.22385473372781065,0.2939869461758166,0.31195611525431033,0.20436850128466746,0.08419897918914006,0.05457393017377229,0.298963248846,0.1993281241,0.08219888834532615,0.055021885140813055
2.0,15.0,23.0,Redman,0.0,,1.0,verified,5nyobyZ6gdE,https://www.youtube.com/watch?v=5nyobyZ6gdE,Redman Wilds Out Eating Spicy Wings | Hot Ones,First We Feast,1.0,2925.0,0.1752010598290598,0.1949986299646887,2.467532467532468,0.2741910647405029,0.2780322460464319,0.1971552,0.19169966473296,2.769230769230769,0.3095058084772371,0.2661682229960889,0.3149186830547009,0.22338531746297435,0.08940314667127931,0.05925335077917637,0.30407086552600004,0.2160657079864,0.09103340655341748,0.06086533046442138
2.0,16.0,24.0,Rob Gronkowski,0.0,,1.0,verified,vHqz5GHaPQw,https://www.youtube.com/watch?v=vHqz5GHaPQw,Rob Gronkowski Gets Blindsided by Spicy Wings | Hot Ones,First We Feast,1.0,1452.0,0.07142143349414197,0.18194518635659432,1.4862637362637363,0.1145110497237569,0.28678119419834563,0.07068790000000001,0.18499741758359,1.4724409448818898,0.11256035031847136,0.2898686974565652,0.29910557976016544,0.1991116031954514,0.08274832114056503,0.0553578413107604,0.301676739992993,0.20054286508828828,0.08361832067233747,0.055800472914811695
2.0,17.0,25.0,Rob Corddry,0.0,,0.0,verified,YmNt0kpaZGE,https://www.youtube.com/watch?v=YmNt0kpaZGE,Rob Corddry Cries Real Tears Eating Spicy Wings | Hot Ones,First We Feast,1.0,1266.0,0.13070268562401266,0.1968941486025821,1.8904593639575973,0.20228557457212712,0.2902484109166014,0.15140530000000002,0.19181401512191001,2.1463414634146343,0.23473689922480626,0.2778250687469743,0.2772712126158767,0.18493655377227486,0.07899198999098454,0.05224484239043562,0.268855822813,0.1791145197981,0.07727862132157018,0.049761372525542
2.0,18.0,26.0,Jeff Ross,0.0,,1.0,verified,iYBCT7f7Kng,https://www.youtube.com/watch?v=iYBCT7f7Kng,Jeff Ross Gets Roasted by Spicy Wings | Hot Ones,First We Feast,1.0,1328.0,0.08983381024096386,0.18283587534030127,1.547112462006079,0.14236193317422435,0.2822666756034228,0.0933361,0.18503622562679,1.5720164609053495,0.14933776,0.28769479854218244,0.3394795200037651,0.23679166866920182,0.09908031118014234,0.06744547927715834,0.334437829149,0.23542713676899998,0.1000487533598008,0.06814362215832644
2.0,19.0,27.0,David Cross,0.0,,1.0,verified,Df28IhTwG-w,https://www.youtube.com/watch?v=Df28IhTwG-w,David Cross Embraces the Extremes of Spicy Wings | Hot Ones,First We Feast,1.0,1624.0,0.12062777093596055,0.20458925978912,1.8368421052631576,0.18172495361781074,0.2971095086815841,0.1490113,0.19806267252230997,2.088372093023256,0.22441460843373487,0.2813655534763527,0.30007302221982757,0.19913351059950737,0.08858587435205156,0.05829004397451642,0.29185437609099996,0.19451695768869998,0.08908297995551352,0.05876562041984683
2.0,20.0,28.0,Eric Andre,0.0,,1.0,verified,GVLAAMZeraQ,https://www.youtube.com/watch?v=GVLAAMZeraQ,Eric Andre Turns Into Tay Zonday While Eating Spicy Wings | Hot Ones,First We Feast,1.0,9240.0,0.09485675938954433,0.18309546213176486,1.715435606060606,0.15281283347863991,0.28610764388761223,0.22124470000000002,0.19180718295191002,3.103030303030303,0.3268016248153619,0.2488231503518651,0.33039811078648124,0.2278854470513584,0.09904818671998566,0.06698770893661338,0.301352969957,0.2090578400656,0.10095953601911915,0.06508534765893105
2.0,21.0,29.0,Joe Budden,0.0,,1.0,verified,7LxMd8yV1cE,https://www.youtube.com/watch?v=7LxMd8yV1cE,Joe Budden Keeps It Real While Eating Spicy Wings | Hot Ones,First We Feast,1.0,5156.0,0.045866330488750974,0.2297738427569769,1.1953681710213775,0.06396721666215853,0.3192949182057505,0.09576339999999996,0.24143247678044,1.5166666666666666,0.12683894039735094,0.3158365263247051,0.4363919745068658,0.30552283558112875,0.12766625136825283,0.09336802359319499,0.414463753519,0.2839093465523,0.12703113310366745,0.0889974638380082
2.0,22.0,30.0,Matty Matheson,0.0,,1.0,verified,S8XQHKg0Fjo,https://www.youtube.com/watch?v=S8XQHKg0Fjo,Matty Matheson Turns Into a Motivational Speaker Eating Spicy Wings | Hot Ones,First We Feast,1.0,2896.0,0.2075893991712708,0.2033127954366556,2.94639175257732,0.3140955590386625,0.27417168210671466,0.2530876,0.20919979008624,3.581081081081081,0.3732855457227138,0.26368610690021843,0.29981376019585637,0.2091276622735152,0.09428881620905859,0.06259244578922235,0.29556234380299995,0.207429006292,0.09466975387822471,0.06217675119934709
2.0,23.0,31.0,RZA and Paul Banks,0.0,,1.0,verified,W7nGMd9SNiY,https://www.youtube.com/watch?v=W7nGMd9SNiY,RZA and Paul Banks Tag Team Spicy Wings | Hot Ones,First We Feast,1.0,1016.0,0.1244900590551181,0.17359866158424847,2.030150753768844,0.20975439469320065,0.2746133416183318,0.1243643,0.17256349241550994,2.041025641025641,0.2097205733558179,0.2730998637925886,0.26764643253494097,0.1833069100961614,0.0738556457613197,0.049089217900093664,0.26811610434249994,0.18399749950730002,0.07408470805951797,0.049410992736034116
2.0,24.0,32.0,Bert Kreischer,0.0,,1.0,verified,1B9cdcjI2_U,https://www.youtube.com/watch?v=1B9cdcjI2_U,Bert Kreischer Sweats Profusely Eating Spicy Wings | Hot Ones,First We Feast,1.0,4338.0,0.14704668049792533,0.19694768624647285,2.1098901098901104,0.225402296819788,0.28423212592758684,0.20533800000000002,0.194834170716,2.932926829268293,0.31835348837209304,0.266089606766901,0.3404467516936376,0.2280326754293453,0.09436550832129288,0.061306165861737386,0.337888811337,0.2271905227463,0.09130577740660159,0.057168803987139465
2.0,25.0,33.0,YG,0.0,,1.0,verified,bMPw4MgkFfU,https://www.youtube.com/watch?v=bMPw4MgkFfU,YG Keeps His Bool Eating Spicy Nuggets | Hot Ones,First We Feast,1.0,4247.0,0.019465905344949373,0.1799428800713666,1.1608333333333334,0.031882645584265325,0.2943273808866376,0.0486728,0.18956110686016,1.2841328413284132,0.07863134087237479,0.3038819722003023,0.41995583367722567,0.3011733451455723,0.11141560306093211,0.07646339921565086,0.39655307566166165,0.2787190567738738,0.10686076128171362,0.07103763149906187
2.0,26.0,34.0,Jay Pharoah,0.0,,1.0,verified,idvYvMPpTYc,https://www.youtube.com/watch?v=idvYvMPpTYc,Jay Pharoah Has a Staring Contest While Eating Spicy Wings | Hot Ones,First We Feast,1.0,3953.0,0.29296729066531746,0.1920791301038915,4.153448275862069,0.3874538976246236,0.21741849786787976,0.31354560000000004,0.19800654030064,4.335714285714285,0.41973975903614463,0.2204950856615216,0.27344366939185427,0.17996379253460662,0.0848758641970544,0.05409186311806745,0.2567080304635,0.1695818757874,0.07763027247695171,0.0489771534018221
2.0,27.0,35.0,Harley Morenstein,0.0,,1.0,verified,GLe0YBtpvWI,https://www.youtube.com/watch?v=GLe0YBtpvWI,Harley Morenstein Has His Worst Day of 2016 Eating Spicy Wings | Hot Ones,First We Feast,1.0,2934.0,0.14515010224948874,0.1991474813752452,2.1552287581699345,0.22054396685655106,0.28596100211145203,0.16697700000000004,0.193320340371,2.3473684210526318,0.2625424528301887,0.2788728109336063,0.3137049496499659,0.21398391247805043,0.0942472893354697,0.06209769547006989,0.29411972697,0.198488409069,0.09026908309037854,0.05583408575867878
2.0,28.0,36.0,Travis Kelce,0.0,,1.0,verified,8EZfZ--5mAQ,https://www.youtube.com/watch?v=8EZfZ--5mAQ,Travis Kelce Gets Woozy Eating Spicy Wings | Hot Ones,First We Feast,1.0,1442.0,0.13033065187239945,0.18478606162634345,2.0939597315436242,0.2038360086767896,0.27402075848645546,0.12884089999999998,0.18472471579719,2.0428571428571427,0.20162895148669802,0.2744078837783998,0.292945128536061,0.1953025155704577,0.08377233743538674,0.052516722394984325,0.29501951168100005,0.1957299098934,0.08314150023409982,0.05148858675335778
2.0,29.0,37.0,Hasan Minhaj,0.0,,1.0,verified,C4TcwIJCyBU,https://www.youtube.com/watch?v=C4TcwIJCyBU,Hasan Minhaj Has an Out-of-Body Experience Eating Spicy Wings | Hot Ones,First We Feast,1.0,2119.0,0.10754879660217084,0.20957133328665944,1.6944971537001898,0.1604900704225352,0.3042370112605584,0.0829418,0.20708470185276,1.4772727272727273,0.12682232415902142,0.311078244945057,0.333393002627041,0.22045510800698445,0.09176291348947,0.06265034475426795,0.35655904493619994,0.2390422848051,0.09732263990629818,0.0670689741192078
2.0,30.0,38.0,Kevin Hart,0.0,,1.0,verified,GTW8IplsKmM,https://www.youtube.com/watch?v=GTW8IplsKmM,Kevin Hart Catches a High Eating Spicy Wings | Hot Ones,First We Feast,1.0,10138.0,0.08577869402248965,0.1988762270504941,1.5408202376389422,0.13118485442751546,0.2981929227393852,0.12889669999999998,0.18867594739911,2.0141509433962264,0.20171627543035994,0.2805786297820587,0.3093936372196192,0.19768523632846716,0.0853873481310007,0.0557594061947032,0.27160472443649997,0.1687679361813,0.07841737797124895,0.04816155991465092
2.0,31.0,39.0,Martin Garrix,0.0,,1.0,verified,ztUKJ414jtk,https://www.youtube.com/watch?v=ztUKJ414jtk,Martin Garrix Tests His Limits Eating Spicy Wings | Hot Ones,First We Feast,1.0,3070.0,0.20388198697068408,0.17842357407618228,3.276688453159041,0.3188577177789098,0.24238157281231565,0.19606020000000002,0.19428544291596,3.0245398773006134,0.29887225609756096,0.26543916255344663,0.23826961411039088,0.1617561208492508,0.0628951937849456,0.04207444673543827,0.2552964459134,0.1720827226645,0.06779893387264457,0.04552359950883932
2.0,32.0,40.0,Bobby Lee,0.0,,1.0,verified,rqyE-7Y55kU,https://www.youtube.com/watch?v=rqyE-7Y55kU,Bobby Lee Has an Accident Eating Spicy Wings | Hot Ones,First We Feast,1.0,6119.0,0.11659442719398595,0.2093675768589585,1.7180816591056385,0.17010999046256556,0.2963614663260371,0.1380795,0.20567196146975,1.9094827586206893,0.20456222222222226,0.29109934878024696,0.3789337949497467,0.25544248059624125,0.10976202377187744,0.07038798926965295,0.3506761184449,0.2384433027074,0.10654803466503074,0.06784157679830735
2.0,33.0,41.0,Tony Hawk,0.0,,1.0,verified,wUISWzxttrI,https://www.youtube.com/watch?v=wUISWzxttrI,Tony Hawk Eats Spicy Wings LIVE at ComplexCon | Hot Ones,First We Feast,1.0,1420.0,0.13798929577464789,0.19392083818119424,1.9373040752351096,0.20911931696905006,0.27900750527253243,0.13149539999999998,0.19519526775884,1.8093220338983047,0.1983339366515837,0.2811558184712298,0.288067524685,0.18581037541478873,0.07733064330881909,0.051300767179855815,0.29368973742969995,0.189392276948,0.0798788185119483,0.05198185414658953
2.0,34.0,42.0,Action Bronson,0.0,,1.0,verified,7p_mzgO0d0k,https://www.youtube.com/watch?v=7p_mzgO0d0k,Action Bronson Blows His High Eating Spicy Wings | Hot Ones,First We Feast,1.0,6212.0,0.03822231165486155,0.2220510845086292,1.198776758409786,0.055038711172925366,0.3188197731838744,0.059909000000000004,0.196312261039,1.382239382239382,0.09709724473257696,0.3145613460053745,0.4327243437246458,0.30511660748454605,0.1226069157439952,0.0890739535735986,0.378996534689,0.2682578532827,0.11962925260753529,0.08160440016177245
2.0,35.0,43.0,T-Pain,0.0,,1.0,verified,O0g2EtKFAcA,https://www.youtube.com/watch?v=O0g2EtKFAcA,T-Pain Has a Tongue Seizure Eating Spicy Wings | Hot Ones,First We Feast,1.0,3701.0,0.10518821940016213,0.21069653794281687,1.6439628482972135,0.15195222482435594,0.2972609620578917,0.1124065,0.21410150898775,1.614814814814815,0.15921600566572236,0.29580710522540504,0.30327406607687113,0.2043684855574439,0.0853612138955622,0.05567943255171559,0.2915492013055,0.19587077982790002,0.08335809960874829,0.0552478151739689
2.0,36.0,44.0,Rachael Ray,1.0,,1.0,verified,t69oHRPb4E8,https://www.youtube.com/watch?v=t69oHRPb4E8,Rachael Ray Mainlines Hot Sauce for Thanksgiving | Hot Ones,First We Feast,1.0,6067.0,0.11548676446349106,0.2123826726664227,1.7049709489993543,0.1672215274463007,0.2988728613742779,0.0937023,0.21422406202471,1.578125,0.1419731818181818,0.3177287414777548,0.3822863343763639,0.25934575573461344,0.0955655528873716,0.0678066487388636,0.38024327135200003,0.26133852773629995,0.10121848373980862,0.0716813986016827
2.0,37.0,45.0,Tom Colicchio,0.0,,1.0,verified,NpqUIwwQ_vU,https://www.youtube.com/watch?v=NpqUIwwQ_vU,Tom Colicchio Goes Full Top Chef on Some Spicy Wings | Hot Ones,First We Feast,1.0,1831.0,0.20970720917531402,0.1984927999261818,2.987220447284345,0.3076713942307692,0.2610774250551074,0.2211337,0.17813483429430998,3.4,0.33505106060606066,0.2317331315897842,0.2528221203708356,0.16361041842364826,0.07380636274898056,0.0478849421012861,0.236171869527,0.1512615047848,0.06926570993113275,0.044025674051159806
2.0,38.0,46.0,Post Malone,0.0,,1.0,verified,eCEG4QyQbF4,https://www.youtube.com/watch?v=eCEG4QyQbF4,Post Malone Sauces on Everyone While Eating Spicy Wings | Hot Ones,First We Feast,1.0,19447.0,0.1474500951303543,0.17820415129209258,2.225184794086589,0.2347108128018335,0.2631840335730236,0.0787906,0.19187383637164004,1.5867768595041325,0.1258635782747604,0.3005829523475793,0.3072917885182033,0.20617216136858127,0.09126704676438348,0.05834261548629873,0.3327243322545,0.22467874945289998,0.10088027699425083,0.06627548753917806
2.0,39.0,47.0,N.O.R.E.,0.0,,1.0,verified,poi9dSiT5D4,https://www.youtube.com/watch?v=poi9dSiT5D4,N.O.R.E. Gets Wasted While Eating Spicy Wings | Hot Ones,First We Feast,1.0,4531.0,0.25646587949679983,0.19924217456741786,3.4186991869918697,0.3563467954615149,0.2412450120205497,0.2978854,0.18260615876684,4.4692307692307685,0.4189668073136428,0.20610094981245086,0.29614901162745527,0.20385075458015892,0.0867447521647889,0.05797443872537217,0.2705207710655001,0.1831865802373,0.07925649282446282,0.05021755288239074
2.0,40.0,48.0,James Franco and Bryan Cranston,0.0,,1.0,verified,BB1B-VrPij0,https://www.youtube.com/watch?v=BB1B-VrPij0,James Franco and Bryan Cranston Bond Over Spicy Wings | Hot Ones,First We Feast,1.0,5083.0,0.10976391894550463,0.1860312318006561,1.7654530059271805,0.17082976117575016,0.2790956172342969,0.16535279999999994,0.18959574563216,2.3266331658291457,0.2497776435045317,0.2653109688355345,0.2876578498494,0.18736262158864844,0.08174035933001546,0.05338979412671146,0.27890511649899996,0.1846259896211,0.0848380869839444,0.05472842403064402
3.0,1.0,49.0,Padma Lakshmi,1.0,,1.0,verified,p-P5-7eV9GE,https://www.youtube.com/watch?v=p-P5-7eV9GE,Padma Lakshmi Gracefully Destroys Spicy Wings | Hot Ones,First We Feast,1.0,4350.0,0.19603188505747127,0.2036014429304696,2.5823095823095823,0.2924343964334705,0.2755350221262132,0.1997194,0.21203819314364,2.6,0.2919874269005848,0.2830562546372388,0.3068408022172414,0.2036690685096322,0.08024971447251539,0.052338182413155444,0.290969709598,0.1912935724913,0.07941052060059119,0.04925384844129651
3.0,2.0,50.0,Joey CoCo Diaz,0.0,,1.0,verified,e226MZIXJ5E,https://www.youtube.com/watch?v=e226MZIXJ5E,Joey &quot;CoCo&quot; Diaz Breaks Out the Blue Cheese While Eating Spicy Wings | Hot Ones,First We Feast,1.0,8038.0,0.10784924110475244,0.20904385284279312,1.7387012987012986,0.16443327010622155,0.30941620556988303,0.127226,0.212534042264,1.844155844155844,0.1936468797564688,0.3106294968281636,0.39744993186562577,0.2906480801157999,0.12754055405633957,0.0903841091016701,0.3905494365055,0.2930412294832,0.1318949130232501,0.09326735547679198
3.0,3.0,51.0,Danny Brown,0.0,,1.0,verified,ZgqZBbBCJL0,https://www.youtube.com/watch?v=ZgqZBbBCJL0,Danny Brown Has An Orgasm Eating Spicy Wings | Hot Ones,First We Feast,1.0,3134.0,0.1650333120612636,0.19837398990498428,2.2879256965944275,0.243509604519774,0.27359464022790386,0.16413770000000005,0.19216461830871,2.3502538071066,0.2486934848484849,0.2701300397908861,0.339239254007977,0.23512053508053604,0.09932083233946945,0.06729049727137594,0.338907002958,0.2352633512841,0.10056649446590228,0.06850211409449482
3.0,4.0,52.0,Ricky Gervais,0.0,,0.0,verified,3qrNRzkwlbU,https://www.youtube.com/watch?v=3qrNRzkwlbU,Ricky Gervais Pits His Mild British Palate Against Spicy Wings | Hot Ones,First We Feast,1.0,6728.0,0.12038391795481568,0.21614168175979825,1.8160990712074303,0.1780877308707124,0.3094688732487649,0.14437160000000002,0.1982806970134401,2.082125603864734,0.22628777429467084,0.2922481627972406,0.32008866002647146,0.21224650649261295,0.09138519942762081,0.06030861605999812,0.3039077386485,0.20376420345159998,0.0922182692170663,0.05993973023834818
3.0,5.0,53.0,Charlie Day,0.0,,1.0,verified,Lc4hUSLN_-M,https://www.youtube.com/watch?v=Lc4hUSLN_-M,Charlie Day Learns to Love Ridiculously Spicy Wings | Hot Ones,First We Feast,1.0,4830.0,0.14567304347826088,0.18351120314498154,2.182466870540265,0.2253686098654709,0.26594658773983565,0.13894559999999995,0.18494967240064009,2.0585365853658537,0.2216038277511962,0.2766581744032112,0.27782088588432713,0.18066177024459626,0.08107582405038877,0.05126414717854809,0.28113599096400005,0.18393589373740002,0.08378547580490545,0.051840746941334934
3.0,6.0,54.0,Mac DeMarco,0.0,,1.0,verified,0-BQ_yTNyTs,https://www.youtube.com/watch?v=0-BQ_yTNyTs,Mac DeMarco Tries to Stay Chill While Eating Spicy Wings | Hot Ones,First We Feast,1.0,4716.0,0.1694867048346056,0.16380765393901464,2.674213836477988,0.27363892502567616,0.2359699073208574,0.168294,0.161851689884,2.716049382716049,0.2795581395348837,0.23775183186896395,0.27430977664240885,0.176683544283609,0.07352667940035694,0.04421612101406178,0.27885683913000003,0.18308581352210002,0.07905009881198055,0.04796170266981974
3.0,7.0,55.0,Russell Brand,0.0,,1.0,verified,mHTR-XF6MXU,https://www.youtube.com/watch?v=mHTR-XF6MXU,Russell Brand Achieves Enlightenment While Eating Spicy Wings | Hot Ones,First We Feast,1.0,7893.0,0.2376734921439433,0.20381619843063314,3.2896551724137932,0.33506952483029656,0.2547034350662623,0.2035326,0.19952349539723999,2.693121693121693,0.2915939828080229,0.2601721105941659,0.26727865794920175,0.1727659393568044,0.08203366757009052,0.05021341821835649,0.26736231694549994,0.173040725399,0.08488297338247236,0.05201101867364212
3.0,8.0,56.0,Charlie Sloth,0.0,,1.0,verified,KzG1jM1XFsw,https://www.youtube.com/watch?v=KzG1jM1XFsw,Charlie Sloth Makes His Mum Proud Eating Spicy Wings | Hot Ones,First We Feast,1.0,1850.0,0.11721302702702704,0.1678017128843506,2.07492795389049,0.2032278350515464,0.2734595737612924,0.1271121,0.17151673656358998,2.1935483870967745,0.21399343434343432,0.27015667963702683,0.2906001245059459,0.1952227297076216,0.07264187381756086,0.049017231361099776,0.291009613588,0.1954601581383,0.07530294133275335,0.049878721317948654
3.0,9.0,57.0,Kyle Kinane,0.0,,1.0,verified,whokj22FTA8,https://www.youtube.com/watch?v=whokj22FTA8,Kyle Kinane Gets Angry Eating Spicy Wings | Hot Ones,First We Feast,1.0,1880.0,0.1459637234042553,0.1955757088116682,2.2245989304812834,0.2275388059701492,0.28631605914086283,0.13243729999999998,0.18927165497871,2.2102564102564104,0.21156118210862607,0.28561134451553555,0.3055330787580319,0.2027206479712766,0.09178985465897269,0.058767538060733655,0.29944536105549996,0.1992243033901,0.09130637814649503,0.05904060544644358
3.0,10.0,58.0,Dax Shepard,0.0,,1.0,verified,QFU8E0hSqKU,https://www.youtube.com/watch?v=QFU8E0hSqKU,Dax Shepard Does Mental Math While Eating Spicy Wings | Hot Ones,First We Feast,1.0,4989.0,0.12900176388053716,0.19596219257656405,1.9635369188696443,0.1979667179329437,0.28707174339553376,0.105408,0.20556313215600008,1.7166666666666666,0.16166871165644173,0.3061852807695058,0.32143138022862294,0.2194707632510323,0.08849164106940356,0.05893193843884941,0.34135861958600006,0.2381839386588,0.09727972932420627,0.06531466082835136
3.0,11.0,59.0,H3H3 Productions,1.0,,1.0,verified,Tgw2Kkmupg8,https://www.youtube.com/watch?v=Tgw2Kkmupg8,H3H3 Productions Does Couples Therapy While Eating Spicy Wings | Hot Ones,First We Feast,1.0,11904.0,0.17701815356182796,0.17271565418741727,2.85646186440678,0.289414105205329,0.2498508020054107,0.19956129999999997,0.15820395327231002,3.3472222222222223,0.3187880191693291,0.214713920447514,0.26405262465604,0.17836311321999324,0.07640261389491075,0.048138144291768804,0.266149062999,0.1867815033329,0.09527939691458252,0.05912356117145518
3.0,12.0,60.0,Keke Palmer,1.0,,1.0,verified,42IE7mPaYNk,https://www.youtube.com/watch?v=42IE7mPaYNk,Keke Palmer Laughs Uncontrollably While Eating Spicy Wings | Hot Ones,First We Feast,1.0,4724.0,0.16214322607959356,0.20949065178942308,2.189453125,0.23452682180036746,0.28603507872333445,0.0852278,0.20535882702716,1.5849802371541502,0.1303177370030581,0.3081283041196495,0.3144452667955123,0.21012439309197714,0.08133529123421185,0.053532844451301936,0.328670937655,0.2173328789924,0.08666346723560378,0.05703258033619256
3.0,13.0,61.0,Charlamagne Tha God,0.0,,1.0,verified,io-1mYQUIe4,https://www.youtube.com/watch?v=io-1mYQUIe4,Charlamagne Tha God Gets Heated Eating Spicy Wings | Hot Ones,First We Feast,1.0,4989.0,0.023172158749248342,0.2148297356950993,1.1431273644388398,0.0340117387466902,0.3149551138516105,-0.017509900000000002,0.25159547629199,0.9587628865979382,-0.02303934210526316,0.3309192846232514,0.3986302860619362,0.28436445456486265,0.10605683436736542,0.07835691616669098,0.451087680076,0.323899179491,0.11791272125321359,0.08940668519451402
3.0,14.0,62.0,DJ Snake,0.0,,1.0,verified,XNqXca22g28,https://www.youtube.com/watch?v=XNqXca22g28,DJ Snake Reveals His Human Side While Eating Spicy Wings | Hot Ones,First We Feast,1.0,2764.0,0.10909641823444284,0.16657831020786562,1.8965517241379308,0.17948958333333334,0.26142614192125496,0.11804080000000006,0.16003928635536,1.92093023255814,0.1879630573248408,0.2416968266925636,0.28270171530416066,0.18662639025144717,0.07465940539737968,0.05009484423514079,0.286296300439,0.1872829880214,0.07525045842400192,0.048574508866831026
3.0,15.0,63.0,Guy Fieri,0.0,,1.0,verified,trRc1_CATfo,https://www.youtube.com/watch?v=trRc1_CATfo,Guy Fieri Becomes the Mayor of Spicy Wings | Hot Ones,First We Feast,1.0,8996.0,0.09920612494441974,0.17837225190001282,1.7351407716371217,0.17012167365611894,0.2938138787734856,0.12166769999999999,0.16716470658670998,2.0216216216216214,0.21765241502683366,0.2781511038895165,0.27748627340529125,0.18104218419564255,0.07875367591654706,0.048885233290187555,0.253010046059,0.1685110380587,0.07880136655596917,0.048731511452335105
3.0,16.0,64.0,Kevin Love,0.0,,1.0,verified,o1ERaewus_M,https://www.youtube.com/watch?v=o1ERaewus_M,Kevin Love Gets Dunked On By Spicy Wings | Hot Ones,First We Feast,1.0,2691.0,0.1400636937941286,0.1700529794510902,2.4012875536480687,0.2377989905362776,0.265473198850716,0.159159,0.169744044439,2.8012820512820507,0.2683962900505902,0.2569273972880913,0.257553753757971,0.16942992743140098,0.066737530757981,0.04296349498930201,0.255245254749,0.1707333712912,0.06896054965336965,0.044738267608388206
3.0,17.0,65.0,Neil deGrasse Tyson,0.0,,1.0,verified,Da8-QfGemgo,https://www.youtube.com/watch?v=Da8-QfGemgo,Neil deGrasse Tyson Explains the Universe While Eating Spicy Wings | Hot Ones,First We Feast,1.0,23353.0,0.1677132659615467,0.20336105189013,2.335676251331204,0.2500867058297682,0.28264262687262337,0.13351949999999999,0.18129039292975,2.056410256410256,0.22402600671140926,0.2839027003471409,0.29416288087159675,0.19924348683634222,0.09645134021862943,0.063811480507145,0.2826649808075,0.1959074391035,0.10112578078775639,0.06572645123514104
3.0,18.0,66.0,Thomas Middleditch,0.0,,1.0,verified,5FdmnmVBQXI,https://www.youtube.com/watch?v=5FdmnmVBQXI,Thomas Middleditch Does Improv While Eating Spicy Wings | Hot Ones,First We Feast,1.0,4025.0,0.13651557763975158,0.16820766517100175,2.2385444743935308,0.22866217228464425,0.26067564868558496,0.1146058,0.16031987880635998,2.067708333333333,0.19457691001697794,0.25662941556192914,0.2850434117175155,0.18900956890578882,0.08031170187447743,0.05196150455686445,0.287539915343,0.1910619223154,0.08617447821399804,0.05528438379433803
3.0,19.0,67.0,Andy Cohen,0.0,,1.0,verified,R042gl-sri0,https://www.youtube.com/watch?v=R042gl-sri0,Andy Cohen Spills the Tea While Eating Spicy Wings | Hot Ones,First We Feast,1.0,2147.0,0.14281280857009782,0.19041682291465506,2.1818181818181817,0.21901364285714287,0.27532877683530105,0.1396047,0.18626531108791,2.0869565217391304,0.21847370892018786,0.27426420462959283,0.3041396305059152,0.20185058496893338,0.08155403062700019,0.054621994626387185,0.2957037759762,0.19671721739359999,0.07900073138219194,0.05181624298647179
3.0,20.0,68.0,Tom Arnold,0.0,,1.0,verified,qJCUBMFsdZM,https://www.youtube.com/watch?v=qJCUBMFsdZM,Tom Arnold Melts Down While Eating Spicy Wings | Hot Ones,First We Feast,1.0,3323.0,0.11662867890460428,0.21746998516307567,1.7161066048667444,0.16534005972696245,0.30024501672712955,0.1102331,0.19564982337439,1.7541666666666669,0.16676717095310134,0.2865626285591675,0.3330273504272044,0.22361751948678907,0.09157942803249354,0.06102291851300941,0.308191185047,0.2043942775552,0.08408491949195229,0.05459312224051432
3.0,21.0,69.0,Coyote Peterson,0.0,,1.0,verified,fBljahaLMXs,https://www.youtube.com/watch?v=fBljahaLMXs,Coyote Peterson Gets STUNG by Spicy Wings | Hot Ones,First We Feast,1.0,11315.0,0.1253382623298568,0.1677225999563583,2.1585192216421447,0.21308446280991736,0.2664436691800833,0.15476839999999994,0.16558440320144002,2.4201183431952664,0.2677653979238754,0.2562215201175752,0.23711333724359202,0.1546906476005303,0.052617187447337115,0.03329051498456457,0.23432434893249998,0.15663084841890001,0.05689670567455282,0.0362181113333837
3.0,22.0,70.0,Nick Kroll,0.0,,1.0,verified,FwmhT0YP_Ps,https://www.youtube.com/watch?v=FwmhT0YP_Ps,Nick Kroll Delivers a PSA While Eating Spicy Wings | Hot Ones,First We Feast,1.0,3484.0,0.15566371986222732,0.1733583596251982,2.453525641025641,0.2516623665893272,0.25611013849555936,0.15979700000000002,0.172555861611,2.5257142857142862,0.2589902755267424,0.25397904985681224,0.2849967957596154,0.19201162330063146,0.07361307891310387,0.04834987933368313,0.27502532474099994,0.18326262306059998,0.07026680993864408,0.045771718643563504
3.0,23.0,71.0,Brett Baker,0.0,,1.0,verified,ZxpNXfj5No8,https://www.youtube.com/watch?v=ZxpNXfj5No8,Superfan Brett Baker Grills Sean Evans Over Spicy Wings | Hot Ones,First We Feast,1.0,6968.0,0.3128039466130884,0.18896786591295467,4.990062111801242,0.4520153255910411,0.21014111907454144,0.28047740000000004,0.18907181676924,4.1796875,0.4230428355957768,0.22486490808969686,0.20714400148310846,0.1331336816224168,0.062120215784311573,0.03773553406532095,0.19727006649150003,0.12431490025740001,0.05957473423568291,0.03493490458813932
3.0,24.0,72.0,Seth Rogen and Dominic Cooper,0.0,,1.0,verified,QulEM-Azzug,https://www.youtube.com/watch?v=QulEM-Azzug,Seth Rogen and Dominic Cooper Suffer While Eating Spicy Wings | Hot Ones,First We Feast,1.0,5210.0,0.1049471593090211,0.18617132917523185,1.7823479005998286,0.16839380967046502,0.2880386824100937,0.10791669999999999,0.18810953121111,1.6623376623376624,0.1754743089430894,0.29401453169769315,0.301889680137524,0.2023108480559885,0.08574187105936774,0.056451849360474406,0.276344049638,0.18144587966519998,0.07967729561626162,0.05087158964241143
4.0,1.0,73.0,Cara Delevingne,1.0,,1.0,verified,sFy3rEG91OU,https://www.youtube.com/watch?v=sFy3rEG91OU,Cara Delevingne Shows Her Hot Sauce Balls While Eating Spicy Wings | Hot Ones,First We Feast,1.0,9498.0,0.12311967782691093,0.1888790489042129,1.911940986629784,0.18514735592146928,0.2725520292251178,0.10147880000000001,0.1847400163305601,1.7231404958677683,0.15398907435508347,0.2722478553889763,0.32576827270759107,0.21866083080703308,0.09252291923269719,0.06192662982717639,0.310054252309,0.2067428650213,0.09275227541138177,0.06114002809606664
4.0,2.0,74.0,Liam Payne,0.0,,1.0,verified,h0WGOAK4qE8,https://www.youtube.com/watch?v=h0WGOAK4qE8,Liam Payne Gets Cocky Eating Spicy Wings | Hot Ones,First We Feast,1.0,5009.0,0.13084749450988226,0.1794390923320136,2.0386847195357842,0.20859805856142585,0.2698445320745249,0.08315880000000002,0.17475886208256,1.565217391304348,0.1409471186440678,0.28805636415271474,0.2789995841766221,0.18606663892343783,0.07501811514900902,0.04968839305011742,0.29283459927600003,0.1970544927308,0.08556837806024688,0.0582308386656763
4.0,3.0,75.0,Steve-O,0.0,,1.0,verified,ePN1J_c4ulw,https://www.youtube.com/watch?v=ePN1J_c4ulw,Steve-O Tells Insane Stories While Eating Spicy Wings | Hot Ones,First We Feast,1.0,14085.0,0.2084768974085907,0.1992701498915454,2.858498349834984,0.3139524323746392,0.2669733781917207,0.16673220000000002,0.18436109278316,2.431693989071038,0.2654971337579617,0.2673468122529311,0.27504338352445157,0.1845325719740859,0.08644693521299193,0.05487576850689878,0.26768227791480004,0.181466146056,0.08911096559506634,0.055140761117824864
,,,Stephen Colbert,0.0,"late show, not hot ones",1.0,verified,Dyrmfv0JbIU,https://www.youtube.com/watch?v=Dyrmfv0JbIU,Stephen Does A &#39;Hot Ones&#39; Interview With Sean Evans,The Late Show with Stephen Colbert,1.0,4110.0,0.2466963260340633,0.2197284419938013,2.962566844919786,0.34207891363022946,0.2720558036950411,0.2821586,0.21967262410604,3.670967741935484,0.38972182320441984,0.26149549120883064,0.26421156138287105,0.16876445260406325,0.07465331971513967,0.04691179588729931,0.24807207179649998,0.15870848279389999,0.0696335865497428,0.04320108429284372
4.0,4.0,76.0,Vince Staples,0.0,,1.0,verified,4n_x6ZlXg38,https://www.youtube.com/watch?v=4n_x6ZlXg38,Vince Staples Delivers Hot Takes While Eating Spicy Wings | Hot Ones,First We Feast,1.0,8697.0,0.14211499367598024,0.19107555716509425,2.1894247530505515,0.22517290945527416,0.28404567097133104,0.1390229,0.17716120982559,2.2486187845303864,0.2364335034013605,0.2782634443026922,0.29137689034127856,0.1975737229385765,0.09217587648819303,0.06083837547291099,0.268727713596,0.1796262352001,0.08694901185720778,0.05363077815623949
4.0,5.0,77.0,Adam Richman,0.0,,1.0,verified,Y1IjInlhAU8,https://www.youtube.com/watch?v=Y1IjInlhAU8,Adam Richman Fanboys Out While Eating Spicy Wings | Hot Ones,First We Feast,1.0,6433.0,0.18354672780973108,0.1871632331872564,2.7741935483870965,0.288340927960928,0.26380578462038434,0.16945339999999998,0.17941623700844,2.6272189349112427,0.2764329526916802,0.2631128679842669,0.26429644022109433,0.17509103214333901,0.07441870462022111,0.048401770058800454,0.2507494454313,0.1633092209573,0.07038793600428173,0.04342960979828412
4.0,6.0,78.0,ASAP Ferg,0.0,,1.0,verified,xI8ArWO9Uzs,https://www.youtube.com/watch?v=xI8ArWO9Uzs,ASAP Ferg Harlem Shakes While Eating Spicy Wings | Hot Ones,First We Feast,1.0,5487.0,0.0987686531802442,0.1430918727516579,2.097976570820021,0.1862989343416982,0.2535952664512535,0.1106484,0.14516934575744,2.18562874251497,0.2079857142857143,0.2526299392320086,0.3080401535786951,0.2168601095693457,0.07926696005614538,0.05547047027929953,0.28888714960799994,0.2037605184685,0.07513711607596539,0.05164539921585435
4.0,7.0,79.0,Kevin Durant,0.0,,1.0,verified,x8oQIiMfkPk,https://www.youtube.com/watch?v=x8oQIiMfkPk,Kevin Durant Sweats It Out Over Spicy Wings | Hot Ones,First We Feast,1.0,9036.0,0.0333089973439575,0.15995290103790571,1.1973564266180492,0.062431051649035466,0.29798159198539065,0.028669000000000007,0.15379854247900002,1.2008733624454149,0.0568829365079365,0.30355094669296423,0.3017641626000996,0.214199414253309,0.08463182380133831,0.06297043372529414,0.30627060863919997,0.2210151524181,0.08755653864128374,0.06570552478110159
4.0,8.0,80.0,Henry Rollins,0.0,,1.0,verified,ldm8mnn-ULI,https://www.youtube.com/watch?v=ldm8mnn-ULI,Henry Rollins Channels His Anger at Spicy Wings | Hot Ones,First We Feast,1.0,7312.0,0.2776235092997812,0.2120635163223128,3.4711779448621565,0.3792943011958147,0.25116189126236665,0.26243310000000003,0.20157868497439,3.445859872611465,0.3759786532951289,0.2461039733981864,0.256719136107139,0.16714511565675602,0.0802035389472738,0.05059371501879857,0.249955923604,0.1652446414113,0.07974100557152207,0.04996162493476768
4.0,9.0,81.0,Dillon Francis,0.0,,1.0,verified,uV002CSNDac,https://www.youtube.com/watch?v=uV002CSNDac,Dillon Francis Hurts His Body with Spicy Wings | Hot Ones,First We Feast,1.0,2618.0,0.1215679908326967,0.16723555278748348,2.1705756929637525,0.2140316072629455,0.2746434057259305,0.1293664,0.16720734855104002,2.1978021978021984,0.22227903780068728,0.26664531801419444,0.2691239575816272,0.18387213316294881,0.0760612944903934,0.04931687916658897,0.2687058374065,0.1840705735508,0.0780200092721356,0.050852302700519755
4.0,10.0,82.0,Joji,0.0,,1.0,verified,kjNU-dbG3ek,https://www.youtube.com/watch?v=kjNU-dbG3ek,Joji Sets His Face on Fire While Eating Spicy Wings | Hot Ones,First We Feast,1.0,25319.0,0.07398847110865359,0.14483311648898914,1.6028560401389425,0.13888746293001186,0.26285983688686104,0.06770599999999999,0.14822179806400004,1.4809523809523808,0.12995393474088293,0.276405449893347,0.31264271426309487,0.2135039597336072,0.08599637892103525,0.05479334605601659,0.337876517734,0.24008221944439997,0.10345467382937196,0.06628916520953299
4.0,11.0,83.0,Wanda Sykes,1.0,,1.0,verified,QB5JOnDYeHY,https://www.youtube.com/watch?v=QB5JOnDYeHY,Wanda Sykes Confesses Everything While Eating Spicy Wings | Hot Ones,First We Feast,1.0,5193.0,0.14831515501636822,0.2199552105174851,2.0701754385964914,0.22005731428571426,0.3105633011722155,0.1240112,0.20918926885456,1.7991452991452992,0.18933007633587787,0.30700610170610104,0.3123301229695552,0.2177503135168111,0.09361822086323915,0.06495546013228574,0.31734354836670003,0.2209085952326,0.09931779177467093,0.06774068790136116
4.0,12.0,84.0,Terry Crews,0.0,,1.0,verified,7TN09IP5JuI,https://www.youtube.com/watch?v=7TN09IP5JuI,Terry Crews Hallucinates While Eating Spicy Wings | Hot Ones,First We Feast,1.0,28529.0,0.2589380503365115,0.1843433349637676,4.065913370998117,0.39229870950610735,0.2269683224099119,0.2392494,0.17182537317964006,3.951612903225808,0.38965700325732894,0.22123850870502607,0.22334974045740677,0.14821402327693142,0.06519190320841363,0.0415943192239792,0.2269827098055,0.15259844260810002,0.06908452898613249,0.04283959959066472
4.0,13.0,85.0,Gary Vaynerchuk,0.0,,1.0,verified,zl-X3dhooPM,https://www.youtube.com/watch?v=zl-X3dhooPM,Gary Vaynerchuk Tests His Mental Toughness While Eating Spicy Wings | Hot Ones,First We Feast,1.0,6936.0,0.1909106257208766,0.21045780799118866,2.455913978494624,0.2746641982991081,0.2797827322548489,0.15604379999999998,0.20248679940156,2.071748878923767,0.2278011678832117,0.27925475480155576,0.3255494577593137,0.22418961075977506,0.10272761584608925,0.06893637234573709,0.320127580084,0.2168305520994,0.09955637918227796,0.06500433287281308
4.0,14.0,86.0,Artie Lange,0.0,,1.0,verified,a_MFkqMZTt4,https://www.youtube.com/watch?v=a_MFkqMZTt4,Artie Lange Is Raw and Uncensored While Eating Spicy Wings | Hot Ones,First We Feast,1.0,4691.0,0.12385107652952462,0.19985342156513825,1.87223823246878,0.1943094983277592,0.29985855725426336,0.09734789999999999,0.17653648051559004,1.7162162162162162,0.1614393034825871,0.2824167777421351,0.31656679970805796,0.21623630947706243,0.08919588230435507,0.060129828504457285,0.31094268592799995,0.2124389843892,0.09072809172701565,0.059827805804105114
4.0,15.0,87.0,Chris Jericho,0.0,,1.0,verified,Dh1EMAYaczM,https://www.youtube.com/watch?v=Dh1EMAYaczM,Chris Jericho Gets Body Slammed by Spicy Wings | Hot Ones,First We Feast,1.0,5971.0,0.08822550661530733,0.17291111741841272,1.7524590163934426,0.15687745681953544,0.29669053374731424,0.1046032,0.17073523004976002,2.029239766081872,0.20193667953667954,0.3099494915503645,0.3062485076909228,0.2062997786090772,0.08908960468274062,0.05536212354288689,0.29085524934800006,0.199872375493,0.08604022109569436,0.05490909028676547
4.0,16.0,88.0,Gabrielle Union,1.0,,1.0,verified,twjTkBN3Q9A,https://www.youtube.com/watch?v=twjTkBN3Q9A,Gabrielle Union Impersonates DMX While Eating Spicy Wings | Hot Ones,First We Feast,1.0,4921.0,0.17577913025807762,0.21174665705073714,2.2736124634858808,0.2572900356930399,0.2889641952397965,0.1558247,0.22078733457991,1.9367088607594936,0.2238860632183908,0.3019851911994443,0.32833022089392394,0.2236384875951636,0.08704394103043774,0.05889953078056759,0.34678120266000007,0.2351090521519,0.09068633281790946,0.0613405435826141
4.0,17.0,89.0,Wale,0.0,,1.0,verified,rPh9bprbLkM,https://www.youtube.com/watch?v=rPh9bprbLkM,Wale Battles Spicy Wings LIVE | Hot Ones,First We Feast,1.0,3030.0,0.12336300330033002,0.1849648028127624,1.946287519747236,0.20042353887399464,0.28506107379980883,0.1039463,0.18486316286631,1.6391304347826088,0.17124596375617793,0.2930273670965588,0.3194921038885479,0.22273965248103633,0.08476637811848602,0.05936712507692817,0.3275627229973,0.2281264259626,0.08694367924750687,0.061666862732885304
4.0,18.0,90.0,Bob Saget,0.0,,1.0,verified,duRDizP0gHQ,https://www.youtube.com/watch?v=duRDizP0gHQ,Bob Saget Hiccups Uncontrollably While Eating Spicy Wings | Hot Ones,First We Feast,1.0,6173.0,0.12115494897132675,0.1845297734393826,2.0615763546798034,0.2005603378921963,0.2895456784188721,0.1121372,0.18058585137616,2.06282722513089,0.19168752136752126,0.293444959109241,0.3321613583528754,0.23290298202624335,0.09691639054912671,0.0664953126401401,0.33211024798480004,0.2366021173969,0.09752644194229214,0.06697164779242631
4.0,19.0,91.0,Mario Batali,0.0,not available on YouTube,0.0,skip,,,,,,,,,,,,,,,,,,,,,,,,
4.0,20.0,92.0,Alexa Chung,1.0,,1.0,verified,tuONqBMf3XA,https://www.youtube.com/watch?v=tuONqBMf3XA,Alexa Chung Fears for Her Life While Eating Spicy Wings | Hot Ones,First We Feast,1.0,4462.0,0.12295237561631556,0.19818568975567424,1.8824721377912867,0.1928342706502636,0.2973519847692835,0.12162839999999996,0.19337922887344,1.8630136986301369,0.1939846889952153,0.2943838105470724,0.2710849112391305,0.17227042623025549,0.07108085434749975,0.0462162203414719,0.25539967632,0.16159655091459998,0.06896878740567397,0.04461481827664589
4.0,21.0,93.0,Logic,0.0,,1.0,verified,__4c1JCHvaQ,https://www.youtube.com/watch?v=__4c1JCHvaQ,Logic Solves a Rubik&#39;s Cube While Eating Spicy Wings | Hot Ones,First We Feast,1.0,19810.0,0.1509577233720343,0.17320966548123795,2.421736562315417,0.2581108665630934,0.2685003405128517,0.1203218,0.16349884934475994,2.0444444444444443,0.21956532846715326,0.2765651265716074,0.2845200135465775,0.18964020543203935,0.08788843528262814,0.056351670538575156,0.27944715570980005,0.18519538553,0.08901812256852011,0.057963571030270514
4.0,22.0,94.0,Casey Neistat,0.0,,1.0,verified,xLkHEZTSeoU,https://www.youtube.com/watch?v=xLkHEZTSeoU,Casey Neistat Melts His Face Off While Eating Spicy Wings | Hot Ones,First We Feast,1.0,11438.0,0.12621806259835638,0.17775028422873465,2.1225601452564686,0.2098680331443524,0.2779973509958553,0.1207294,0.14735424611564002,2.263157894736842,0.2163609318996416,0.24338478252386275,0.27634326318941244,0.1821140468609722,0.07722646577667973,0.05032888989192447,0.255821635633,0.16973946121810002,0.07128919518109472,0.04444871144241298
4.0,23.0,95.0,holiday special,,,,verified,2zY6xlhIWbQ,https://www.youtube.com/watch?v=2zY6xlhIWbQ,The Hot Ones Holiday Special | Hot Ones,First We Feast,1.0,2523.0,0.2224161315893777,0.17749467937116298,3.695014662756598,0.3505033728919425,0.2348170923683863,0.19808510000000001,0.17502856002799,3.1756756756756763,0.3205260517799353,0.2439722198229229,0.221921798189457,0.1423343773366627,0.051169574019060526,0.03370860862754083,0.22627619932499998,0.1459202937445,0.05435690824509146,0.03525147867277057
4.0,24.0,96.0,Chili Klaus,0.0,,1.0,verified,G3Fc_eOkM8M,https://www.youtube.com/watch?v=G3Fc_eOkM8M,Chili Klaus Faces the Most Extreme Hot Ones Ever,First We Feast,1.0,8371.0,0.2418603870505316,0.19612077877246994,3.3838383838383836,0.35884673874512585,0.2490029981469324,0.2232044,0.18985347366064,3.1059602649006623,0.3600070967741935,0.2569653384012487,0.24174408240170828,0.15894829278466133,0.06453066803193687,0.039811218119260375,0.23289193773150002,0.1540017357654,0.06381788579516127,0.039401320204674094
5.0,1.0,97.0,Taraji P Henson,1.0,,0.0,verified,rRuifrLicbI,https://www.youtube.com/watch?v=rRuifrLicbI,Taraji P. Henson Needs a Stunt Double to Eat Spicy Wings | Hot Ones,First We Feast,1.0,11715.0,0.11010033290653007,0.24699839320603514,1.6154531946508173,0.14655441427110555,0.3234367431349853,0.08173770000000001,0.23361715254871,1.412751677852349,0.11368247566063976,0.3212879833924803,0.3325208206857534,0.21181871699475888,0.08480167955464653,0.0568557638499016,0.31492762638800004,0.1989798137422,0.08262931329996681,0.053339939236602976
5.0,2.0,98.0,Sasha Banks,1.0,,1.0,verified,DJFeaRWJdy8,https://www.youtube.com/watch?v=DJFeaRWJdy8,Sasha Banks Bosses Up While Eating Spicy Wings | Hot Ones,First We Feast,1.0,6953.0,0.17020575291241188,0.17613318208685225,2.8208679593721144,0.2859933784436926,0.2628386268773729,0.17989979999999994,0.18997615147996,2.6242774566473988,0.2869215311004785,0.2722854281648009,0.24918559441374943,0.16456822167688767,0.0643592840231732,0.0414651071795436,0.2556237181657,0.1636826981126,0.06891147444958708,0.04286206436061553
5.0,3.0,99.0,Von Miller,0.0,,1.0,verified,yA4xvRkZYjs,https://www.youtube.com/watch?v=yA4xvRkZYjs,Von Miller Geeks Out Over Spicy Wings | Hot Ones,First We Feast,1.0,3096.0,0.18765678294573648,0.16670829499921128,3.1444444444444444,0.3115203217158177,0.2381586990347491,0.19193330000000008,0.16717691882111002,3.1773049645390072,0.3258629881154499,0.2401890523143309,0.24071379944534885,0.15741335582332042,0.06175310959388074,0.03937975025844784,0.240740806258,0.1566092224933,0.06146533709183643,0.03732629970472939
5.0,4.0,100.0,Rich Brian,0.0,,1.0,verified,CRiBnM9l4N4,https://www.youtube.com/watch?v=CRiBnM9l4N4,Rich Brian Experiences Peak Bromance While Eating Spicy Wings | Hot Ones,First We Feast,1.0,6820.0,0.18509321114369506,0.17093900722223987,2.9643201542912245,0.3070629287278035,0.2461292387327507,0.15737220000000002,0.15316213088716,2.8896551724137933,0.2790287234042553,0.2376183974373774,0.2755852489687097,0.1878377200503226,0.07199323028214288,0.047664529017780975,0.267914209461,0.18704592549489998,0.07190641116232561,0.04813880949189277
5.0,5.0,101.0,Hannibal Buress,0.0,,1.0,verified,Psx6elljRF8,https://www.youtube.com/watch?v=Psx6elljRF8,Hannibal Buress Freestyles While Eating Spicy Wings | Hot Ones,First We Feast,1.0,6232.0,0.11048499679075738,0.1612498131333761,2.012679628064244,0.19319374298540964,0.2659821404518711,0.11318419999999994,0.15150102089036002,2.310126582278481,0.21641338432122373,0.26733672704839345,0.27106956589457637,0.18164039382411745,0.07356148647367454,0.04695891627878439,0.245822120369,0.166377216505,0.06666525645006353,0.04310080926700776
5.0,6.0,102.0,Michael B Jordan,0.0,,1.0,verified,VWeYDFpCZqM,https://www.youtube.com/watch?v=VWeYDFpCZqM,Michael B. Jordan Gets Knocked Out By Spicy Wings | Hot Ones,First We Feast,1.0,10256.0,0.17467882215288616,0.16336209469775465,2.8664576802507837,0.2904987838495217,0.23803299609548875,0.1681388,0.17183601705456006,2.7169811320754715,0.2844988155668359,0.2576503953793078,0.24874719875770282,0.16570185780340288,0.06162953786124019,0.039705845075997726,0.23562249413,0.1581678645671,0.06030312414124467,0.03844405951169172
5.0,7.0,103.0,Ty Burrell,0.0,,1.0,verified,PAczA2saYWM,https://www.youtube.com/watch?v=PAczA2saYWM,Ty Burrell Fears Sudden Death While Eating Spicy Wings | Hot Ones,First We Feast,1.0,3668.0,0.21272254634678286,0.18884051171358152,3.3235294117647056,0.33174587585034016,0.25501577552720905,0.20595929999999998,0.18766840989351,3.358620689655172,0.3258849683544304,0.2578617139037965,0.21404970335823337,0.14068582250441658,0.051301484446743977,0.03291998059695536,0.2205931269955,0.1459081985329,0.054114171211979326,0.03474050520319138
5.0,8.0,104.0,Charlize Theron,1.0,,1.0,verified,ZgQMW4eVrzw,https://www.youtube.com/watch?v=ZgQMW4eVrzw,Charlize Theron Takes a Rorschach Test While Eating Spicy Wings | Hot Ones,First We Feast,1.0,14619.0,0.2688812230658732,0.20813118811243805,3.511757161179992,0.3724793518430778,0.24973457271020244,0.2483237,0.18578465494831,3.6857142857142855,0.37854222560975614,0.2339151049700467,0.29480715442156097,0.19678143596943704,0.07873867955987078,0.050897914140418235,0.272707811162,0.1821500717332,0.07038378954134722,0.043491111166243816
5.0,9.0,105.0,Adam Rippon,0.0,,1.0,verified,3y75zBl37f8,https://www.youtube.com/watch?v=3y75zBl37f8,Adam Rippon Competes in the Olympics of Eating Spicy Wings | Hot Ones,First We Feast,1.0,3780.0,0.14296515873015875,0.19556296691042446,2.0528846153846154,0.21275917322834648,0.2761853347229385,0.1456037,0.18478935653631,2.0552995391705067,0.2196134238310709,0.26246344933714616,0.325818201987037,0.21450295068820108,0.08743353574475513,0.056528653244551155,0.32416297721599996,0.21505898604020002,0.08746102354295306,0.05633636970998245
5.0,10.0,106.0,Gabriel Iglesias,0.0,,1.0,verified,enmLybSqmgc,https://www.youtube.com/watch?v=enmLybSqmgc,Gabriel Iglesias Does Wrestling Trivia While Eating Spicy Wings | Hot Ones,First We Feast,1.0,8756.0,0.13999500913659205,0.17703221457650745,2.3230668414154647,0.2417267402879117,0.2810869041991751,0.1597148,0.16816754554096006,2.7718120805369133,0.2841900355871886,0.2638558864487532,0.24581895321562355,0.16437190147068295,0.06093184091087494,0.038843393654064855,0.2286444482785,0.1527395144391,0.05907403602862051,0.03678401263076221
5.0,11.0,107.0,Shawn Mendes,0.0,,1.0,verified,Oh4kio5hYn8,https://www.youtube.com/watch?v=Oh4kio5hYn8,Shawn Mendes Reveals a New Side of Himself While Eating Spicy Wings | Hot Ones,First We Feast,1.0,11792.0,0.13076529002713705,0.17010621803962078,2.1164021164021163,0.2181641624221845,0.2647318667306652,0.12756510000000001,0.16018127361199,2.1797752808988764,0.22538003533568904,0.2609602501844511,0.25098669283443864,0.16584970719467437,0.05940837110794865,0.03835945947784127,0.253564239387,0.17165366409860003,0.0689346024837337,0.04650070793870546
5.0,12.0,108.0,Philip DeFranco,0.0,,1.0,verified,IIjPj1zD3GI,https://www.youtube.com/watch?v=IIjPj1zD3GI,Philip DeFranco Sets a YouTube Record While Eating Spicy Wings | Hot Ones,First We Feast,1.0,9940.0,0.17397389336016095,0.18581468579429844,2.5724217844727693,0.2804574278300357,0.2696814705473249,0.16096339999999998,0.16125211558044,2.6710526315789482,0.2884648745519713,0.25220258912462584,0.2607831981666599,0.1772311217775654,0.07278853021552144,0.04621110931164878,0.22964452576450003,0.1562419777726,0.06896363598263497,0.04167471306129895
5.0,13.0,109.0,Trick Daddy,0.0,,1.0,verified,SywOj6EpkOc,https://www.youtube.com/watch?v=SywOj6EpkOc,Trick Daddy Prays for Help While Eating Spicy Wings | Hot Ones,First We Feast,1.0,4462.0,0.13414852084267145,0.18548871245298915,1.6248941574936495,0.19308732258064515,0.2556037403715411,0.1126766,0.17059141867244002,1.5475285171102662,0.16817402985074628,0.24528083129570066,0.30729234776523984,0.2140308887373375,0.08341016731529714,0.05437296754863052,0.29554926881150007,0.2019989525559,0.08001994163549636,0.049200189253159186
5.0,14.0,110.0,Tyra Banks,1.0,,0.0,verified,8rqztDFvmZ8,https://www.youtube.com/watch?v=8rqztDFvmZ8,Tyra Banks Cries For Her Mom While Eating Spicy Wings | Hot Ones,First We Feast,1.0,10719.0,0.2331109525142271,0.2001971350307095,3.1517010596765203,0.3356684981192907,0.2538488553872661,0.2042277,0.18456851802270996,3.0251572327044025,0.31910578125,0.2517300495447022,0.2767284419350499,0.18485645133449016,0.06731284302349796,0.04437701147931281,0.25896232367099997,0.1764051920312,0.06784547231070749,0.04550845784046451
5.0,15.0,111.0,Alton Brown,0.0,,1.0,verified,T1-k7VYwsHg,https://www.youtube.com/watch?v=T1-k7VYwsHg,Alton Brown Rigorously Reviews Spicy Wings | Hot Ones,First We Feast,1.0,13410.0,0.26612182116488925,0.2183285303956393,3.1608247422680407,0.35365981169474725,0.2591867484017485,0.24074810000000002,0.19289090193639002,3.4276315789473686,0.3577237741456167,0.24476854478397275,0.23991306737667983,0.15284282068459987,0.06616308312448861,0.03987963090090519,0.2271346132272,0.15099874357710003,0.06522771011271164,0.040431950820918286
5.0,16.0,112.0,John Mayer,0.0,,1.0,verified,1Q9sv9OkQBk,https://www.youtube.com/watch?v=1Q9sv9OkQBk,John Mayer Has a Sing-Off While Eating Spicy Wings | Hot Ones,First We Feast,1.0,6626.0,0.20998382130999094,0.1810632786123822,3.207968901846453,0.3213285912240185,0.2412945558199553,0.1922453,0.17513733061790998,3.1390728476821192,0.30759248,0.24473980383144964,0.24152639153145186,0.1524769986317084,0.06376161612663124,0.038308628616560855,0.24104426436700002,0.15350672936479998,0.06811782254335612,0.04053120875590241
6.0,1.0,113.0,Johnny Knoxville,0.0,,1.0,verified,8Od-IMIGjfg,https://www.youtube.com/watch?v=8Od-IMIGjfg,Johnny Knoxville Gets Smoked By Spicy Wings | Hot Ones,First We Feast,1.0,9549.0,0.12217882500785422,0.18802111352166886,1.8981566820276496,0.18551210049292416,0.2737356642565038,0.13359810000000005,0.16228322770639006,2.07035175879397,0.2186548281505728,0.2470045997270981,0.2687734023201487,0.17128419160142946,0.07476543337907855,0.04545232747263847,0.24871551130499997,0.1629359252993,0.07500512874341604,0.043830486189142356
6.0,2.0,114.0,Natalie Portman,1.0,,1.0,verified,zF2QwHnk3EE,https://www.youtube.com/watch?v=zF2QwHnk3EE,Natalie Portman Pirouettes in Pain While Eating Spicy Wings | Hot Ones,First We Feast,1.0,16354.0,0.114018729362847,0.2130316472797601,1.7441459206310082,0.16748965238480193,0.30398044959201964,0.1184711,0.18840365963479005,1.881057268722467,0.18114847094801226,0.27672508035698923,0.29866531269017976,0.194194883152452,0.07905337285242915,0.05147170851965573,0.2963726241513,0.19599415620650001,0.08561846050263168,0.0532223298147776
6.0,3.0,115.0,Marques Brownlee,0.0,,1.0,verified,3DuCWM671Ds,https://www.youtube.com/watch?v=3DuCWM671Ds,Marques Brownlee Ranks Hot Sauce Labels While Eating Spicy Wings | Hot Ones,First We Feast,1.0,6217.0,0.10697693421264276,0.17234256811201001,1.9003164556962024,0.18141723949809047,0.2787630428942891,0.14007350000000002,0.13692312956775,2.642857142857143,0.27465392156862745,0.2315136840924644,0.259763347909088,0.1695041970416278,0.06216738724302752,0.03842492953652039,0.221928044162,0.1492049600653,0.05055939205473219,0.03130171421288808
6.0,4.0,116.0,Joel Embiid,0.0,,1.0,verified,amv8fiCQnXI,https://www.youtube.com/watch?v=amv8fiCQnXI,Joel Embiid Trusts the Process While Eating Spicy Wings | Hot Ones,First We Feast,1.0,6035.0,0.13882745650372827,0.157919750445809,2.462,0.2420056903523975,0.25031788685670137,0.1435847,0.16412215533591,2.404494382022472,0.2369384488448845,0.2487095467230065,0.25141900405898926,0.16626184673310687,0.06270836715570344,0.04006958211107089,0.2557521264675,0.16441182908889998,0.06684869787887601,0.040014989316626795
6.0,5.0,117.0,Tom Segura,0.0,,1.0,verified,bIfUsQRyymU,https://www.youtube.com/watch?v=bIfUsQRyymU,Tom Segura Tears Up While Eating Spicy Wings | Hot Ones,First We Feast,1.0,7905.0,0.14444779253636938,0.17792391349828965,2.2932761087267526,0.2480147263249348,0.2798066068422144,0.1224927,0.13883110627671005,2.5808823529411766,0.2515250513347023,0.25261927140528484,0.29624793739511696,0.20454362192623657,0.09003543228968112,0.06141686169592448,0.2696795898945,0.18512277849150002,0.08232243406227016,0.05390488003068252
6.0,6.0,118.0,Joji and Rich Brian,0.0,,1.0,verified,W8_Yf6Q52JE,https://www.youtube.com/watch?v=W8_Yf6Q52JE,Joji and Rich Brian Play the Newlywed Game While Eating Spicy Wings | Hot Ones,First We Feast,1.0,9203.0,0.1055812452461154,0.1590919618605813,1.909041394335512,0.1819255195656244,0.26024009113867874,0.11138030000000004,0.14546009966190998,2.153409090909091,0.2006852252252252,0.24416809062855285,0.30959256729208956,0.21269993186887973,0.08214838189913148,0.0543750474810711,0.2818253026709,0.1948675041957,0.07919608249297269,0.0513685973432578
6.0,7.0,119.0,Wiz Khalifa,0.0,,1.0,verified,nHUXXb6BVWE,https://www.youtube.com/watch?v=nHUXXb6BVWE,Wiz Khalifa Gets Smoked Out By Spicy Wings | Hot Ones,First We Feast,1.0,10027.0,0.07687707190585419,0.17315440903947654,1.6184323858742464,0.12678394736842105,0.27923498752520776,0.08467269999999999,0.15059754092470998,1.8172588832487309,0.1525634234234234,0.2609892794008928,0.3365254304586716,0.22881470433518503,0.09295297295039741,0.06419189084562323,0.28973241720340004,0.18976830234699998,0.0787826562919873,0.050095436755303764
6.0,8.0,120.0,Al Roker,0.0,,1.0,verified,Wkgt4oyK6rc,https://www.youtube.com/watch?v=Wkgt4oyK6rc,Al Roker Gets Hit by a Heat Wave of Spicy Wings | Hot Ones,First We Feast,1.0,5039.0,0.10338021432823974,0.1913908606027721,1.7352185089974292,0.16319953007518798,0.2923736519264709,0.08028750000000001,0.17537700357374994,1.6147186147186148,0.13292632450331124,0.28336219197258344,0.29423682986126215,0.19391307516324666,0.07548661414629126,0.05090127582260929,0.29391018905800004,0.1969952273075,0.07901156766726926,0.054472901672996156
6.0,9.0,121.0,Michael Cera,0.0,,1.0,verified,uBJq-XCP27c,https://www.youtube.com/watch?v=uBJq-XCP27c,Michael Cera Experiences Mouth Pains While Eating Spicy Wings | Hot Ones,First We Feast,1.0,11548.0,0.1608633010045029,0.17439848155238707,2.420391061452514,0.25284461685041515,0.2508622061759353,0.14362760000000002,0.15915124315823995,2.1894736842105265,0.2370092409240924,0.24049350196081,0.2616368016623831,0.16647271618100104,0.0714916261750314,0.04440780763122557,0.2364534877,0.1531300163345,0.06499091497117766,0.04078913886957577
6.0,10.0,122.0,Issa Rae,1.0,,1.0,verified,T-GSx7ePkCs,https://www.youtube.com/watch?v=T-GSx7ePkCs,Issa Rae Raps While Eating Spicy Wings | Hot Ones,First We Feast,1.0,3233.0,0.20529186514073616,0.1978571599369172,2.81657848324515,0.3067045286506469,0.26449341088522144,0.16155550000000002,0.19001281452975,2.3924731182795687,0.25603090332805073,0.27694103566939,0.25874609177939994,0.1686650186759975,0.0633347539660315,0.03981257387884202,0.2608573939143,0.16693155342449997,0.06513158069539579,0.03954812046498641
6.0,11.0,123.0,Rhett & Link,0.0,,1.0,verified,wR3tCFXcbu4,https://www.youtube.com/watch?v=wR3tCFXcbu4,Rhett &amp; Link Hiccup Uncontrollably While Eating Spicy Wings | Hot Ones,First We Feast,1.0,8873.0,0.14662677786543446,0.17896247643836125,2.243959929286977,0.2363341326067212,0.26725214252433843,0.14743820000000002,0.15679441936076,2.503225806451613,0.27152523020257824,0.255063077319238,0.25167696212707086,0.16609232892729628,0.06511578507713452,0.03888228071531878,0.23196925081,0.1548580396455,0.06305538594676473,0.03583109272042828
6.0,12.0,124.0,Jeff Goldblum,0.0,,1.0,verified,TMfVEkfXEV8,https://www.youtube.com/watch?v=TMfVEkfXEV8,Jeff Goldblum Says He Likes to Be Called Daddy While Eating Spicy Wings | Hot Ones,First We Feast,1.0,19344.0,0.2052042390405293,0.18801715172520672,2.9677719243879763,0.3100180256169947,0.2515579910746397,0.1728579,0.16544767595759,2.8774193548387097,0.2876171381031614,0.24228059077117725,0.24694315170813685,0.1577225700940705,0.06528416277049193,0.04087734242805467,0.24804071794350002,0.1604763619467,0.0649908390332978,0.03986141919832023
6.0,13.0,125.0,Eddie Huang,0.0,second appearance,1.0,manually found; verified,r21JqtL53DI,https://www.youtube.com/watch?v=r21JqtL53DI,Eddie Huang Seeks Revenge Against Spicy Wings | Hot Ones,First We Feast,1.0,3730.0,0.1269009383378016,0.19259075902056727,1.9698431845597104,0.1922585296506905,0.27921492128183484,0.1217785,0.19601904824775,1.8382978723404253,0.18257646176911546,0.282781354813268,0.29242570625959785,0.19044680902605898,0.07968645497686777,0.0517986112638405,0.3014784765783,0.19382787915490002,0.08342346175219988,0.051192135658939236
7.0,1.0,126.0,Chrissy Teigen,1.0,,1.0,verified,B1WMNP6NY6s,https://www.youtube.com/watch?v=B1WMNP6NY6s,Chrissy Teigen Gets Drunk on Spicy Wings | Hot Ones,First We Feast,1.0,8568.0,0.046807679738562084,0.199457700748678,1.279654036243822,0.072456766034327,0.3068955844849344,0.0202051,0.19359292064399,1.144781144781145,0.03171915227629513,0.3035483172156079,0.35951315227701913,0.24351697333478056,0.09746977405207345,0.06669691115570264,0.364921141354,0.24077877818399998,0.0959762401775554,0.06375580207075175
7.0,2.0,127.0,Tenacious D,0.0,,1.0,verified,X2zqiX6yL3I,https://www.youtube.com/watch?v=X2zqiX6yL3I,Tenacious D Gets Rocked By Spicy Wings | Hot Ones,First We Feast,1.0,15353.0,0.19295902429492606,0.1928464497278828,2.638002773925104,0.2823579775066718,0.25695073891748793,0.1927391,0.18529597942119,2.6022099447513813,0.2956121165644172,0.25378577729183915,0.2883205174952192,0.19616003091948803,0.0747999684611491,0.050357319510306364,0.272567451712,0.18792157749059998,0.07971657595984931,0.05310466557298461
7.0,3.0,128.0,Anderson Paak,0.0,,1.0,verified,Eot4ZOUUNRI,https://www.youtube.com/watch?v=Eot4ZOUUNRI,Anderson .Paak Sings Hot Sauce Ballads While Eating Spicy Wings | Hot Ones,First We Feast,1.0,4407.0,0.14162260040844113,0.16343549524143394,2.4456233421750664,0.2402351039260969,0.2535462381903472,0.14661079999999999,0.16445386070336002,2.6084337349397595,0.244759265442404,0.2505246004442017,0.2647026981979805,0.17812033488055368,0.06755177794921684,0.04318296459832797,0.248848855264,0.1677089154425,0.06329016726300137,0.03968508411465068
7.0,4.0,129.0,Adam Carolla,0.0,,1.0,verified,MfH0oirdHLs,https://www.youtube.com/watch?v=MfH0oirdHLs,Adam Carolla Rants Like a Pro While Eating Spicy Wings | Hot Ones,First We Feast,1.0,3644.0,0.11265664105378705,0.20300087695644525,1.7995391705069124,0.16893860082304527,0.29490958044413285,0.08588649999999999,0.19746166378775,1.5836734693877548,0.13568167456556082,0.3051894637084123,0.2975713202792261,0.19733699730850715,0.0823060290649618,0.056298363532322704,0.2857630682135,0.19103867700149998,0.07893428725535874,0.0532328301662747
7.0,5.0,130.0,Lil Yachty,0.0,,0.0,verified,NxF-TcXNt5w,https://www.youtube.com/watch?v=NxF-TcXNt5w,Lil Yachty Has His First Experience With Spicy Wings | Hot Ones,First We Feast,1.0,13680.0,0.044105321637426906,0.1714647419058907,1.3429938097917842,0.07245836435691125,0.2796361900726459,0.025724700000000003,0.16747241897991,1.2167300380228137,0.04412469982847341,0.2864478293384605,0.3529177677547515,0.24188772335322367,0.09419669763221462,0.06641568276694129,0.333504272063,0.22327350908020002,0.08897214492074522,0.05884767829602429
7.0,6.0,131.0,E-40,0.0,,0.0,verified,ekaZTFFXNSs,https://www.youtube.com/watch?v=ekaZTFFXNSs,E-40 Asks a Fan to Save Him While Eating Spicy Wings | Hot Ones,First We Feast,1.0,2969.0,0.0813023240148198,0.16112536080632006,1.7154605263157894,0.14620629921259842,0.28026302019048344,0.06458549999999999,0.16600187905975,1.5576036866359446,0.11637027027027025,0.29307627708010714,0.2850597540249579,0.1983471408489727,0.07707754126609433,0.051758727252866704,0.28408859681169996,0.19397492753149997,0.0774499289368334,0.051909573225263114
7.0,7.0,132.0,Lilly Singh,1.0,,1.0,verified,-6nihDqjeXw,https://www.youtube.com/watch?v=-6nihDqjeXw,Lilly Singh Fears for Her Life While Eating Spicy Wings | Hot Ones,First We Feast,1.0,6104.0,0.06823525557011796,0.2033273656115664,1.449395289624443,0.10824012474012476,0.3182037140448909,0.029817500000000007,0.21687317118375,1.1770491803278689,0.04490587349397589,0.3259386650709238,0.28747408460378443,0.18909672393001312,0.07265743128919484,0.049242107783663704,0.31305818971899996,0.19651617638729998,0.07751403345880593,0.04870377315381898
7.0,8.0,133.0,Blake Griffin,0.0,,1.0,verified,41iUdhFi8Gs,https://www.youtube.com/watch?v=41iUdhFi8Gs,Blake Griffin Gets Full-Court Pressed By Spicy Wings | Hot Ones,First We Feast,1.0,4094.0,0.15277975085490966,0.16055234181029454,2.53125,0.2635820901812052,0.24778618075382755,0.15104610000000002,0.15993651784479002,2.4352941176470586,0.2586405821917809,0.2460356009044556,0.2605183435742061,0.17738180369372253,0.06753448972029998,0.046318900160307666,0.2721116842005,0.18692075022090002,0.07399531089642516,0.04996669796732057
7.0,9.0,134.0,Bill Burr,0.0,,1.0,verified,8Lvrikv6oPs,https://www.youtube.com/watch?v=8Lvrikv6oPs,Bill Burr Gets Red in the Face While Eating Spicy Wings | Hot Ones,First We Feast,1.0,18341.0,0.13310029442233245,0.19802204581966146,1.9927518120469885,0.2038744362786037,0.2888883445870173,0.1296681,0.17191761269238998,2.1111111111111107,0.2205239795918367,0.272340992197088,0.3204198653423532,0.22323091926822966,0.0998922992027807,0.06885872690913478,0.305553181308,0.2176080146036,0.10164330603910253,0.06942515848392151
7.0,10.0,135.0,Pete Holmes,0.0,,1.0,verified,zXp-oWBF5x0,https://www.youtube.com/watch?v=zXp-oWBF5x0,Pete Holmes Does Improv While Eating Spicy Wings | Hot Ones,First We Feast,1.0,3917.0,0.16626750063824355,0.19607401805790944,2.3209242618741976,0.2517471202164669,0.2753581886300911,0.17383629999999994,0.19725516181231004,2.5380434782608696,0.2670296466973886,0.2781179343130856,0.2704090489086801,0.16941987252662752,0.06630234630382903,0.04231431284923867,0.25390694344,0.16013657514610002,0.06330211218085227,0.04075615299028087
7.0,11.0,136.0,Vanessa Hudgens,1.0,,1.0,verified,GL4I2SEuptE,https://www.youtube.com/watch?v=GL4I2SEuptE,Vanessa Hudgens Does Tongue Twisters While Eating Spicy Wings | Hot Ones,First We Feast,1.0,11204.0,0.0943310871117458,0.1817992798056372,1.6440868263473054,0.14959455060155696,0.2800384964897662,0.0921029,0.16747870846159,1.6347826086956525,0.15198498349834982,0.2672663282398512,0.30616549632302753,0.1971915161066048,0.07504449379950924,0.047533307495089695,0.288441413712,0.1823001613073,0.07068144129133003,0.04313514473909111
7.0,12.0,137.0,Weird Al Yankovic,0.0,,1.0,verified,XTvORn_2B7I,https://www.youtube.com/watch?v=XTvORn_2B7I,&quot;Weird Al&quot; Yankovic Goes Beyond Insanity While Eating Spicy Wings | Hot Ones,First We Feast,1.0,10794.0,0.07568024828608486,0.2120900819018839,1.3657927590511862,0.10776947229551452,0.2985602763081648,0.1085407,0.1843044026735101,1.55078125,0.1662185298621746,0.2726554527500592,0.3046401679256068,0.1965758283151195,0.07502330078583161,0.05107569126324432,0.2559247869565,0.16180152037030002,0.062487928739108294,0.03989276679588004
8.0,1.0,138.0,Gordon Ramsay,0.0,,1.0,verified,U9DyHthJ6LA,https://www.youtube.com/watch?v=U9DyHthJ6LA,Gordon Ramsay Savagely Critiques Spicy Wings | Hot Ones,First We Feast,1.0,113454.0,0.09687774957251397,0.2288233582660023,1.6747950165051646,0.14585464124102604,0.33736231583620924,0.06948919999999999,0.10922427914336,1.8759689922480616,0.1873024258760108,0.2723383620695868,0.37445611081980096,0.2716814976098692,0.12484451217503942,0.08763409012987035,0.2532223531393,0.184595274885,0.0931064289844962,0.060221903513927914
8.0,2.0,139.0,Abbi and Ilana,1.0,,1.0,verified,utBOYZ0pDo4,https://www.youtube.com/watch?v=utBOYZ0pDo4,Abbi and Ilana of Broad City Go Numb While Eating Spicy Wings | Hot Ones,First We Feast,1.0,7382.0,0.10016845028447577,0.1975458011273465,1.6804123711340206,0.1580007478632479,0.3024614075614065,0.0972705,0.20223766453975006,1.6567796610169492,0.15513636363636366,0.3135710096505727,0.27853078794659986,0.1829130325815226,0.07343406529282241,0.04871372769260456,0.2763441835348,0.1794011523845,0.07780695908319271,0.050327216872408924
8.0,3.0,140.0,Seth Meyers,0.0,,1.0,verified,voFRslp8d60,https://www.youtube.com/watch?v=voFRslp8d60,Seth Meyers Unravels While Eating Spicy Wings | Hot Ones,First We Feast,1.0,9971.0,0.19568316116738546,0.17769803548718885,3.098908156711625,0.3057281103102476,0.24398498292337986,0.1656392,0.15461406422336,2.8874172185430464,0.2821792163543442,0.2305118724811576,0.22962692555563133,0.14772369631215523,0.05614280982762326,0.0348516482683499,0.22837576029499998,0.1483305522337,0.05743081529689739,0.03486662120576546
8.0,4.0,141.0,Ken Jeong,0.0,,1.0,verified,3WQHDUYk310,https://www.youtube.com/watch?v=3WQHDUYk310,Ken Jeong Performs a Physical While Eating Spicy Wings | Hot Ones,First We Feast,1.0,14899.0,0.17545127189744278,0.1865514115419422,2.655763239875389,0.27844572858968897,0.2673835721707197,0.12437739999999999,0.18403593432923998,2.121693121693122,0.21080915254237287,0.2937047079162309,0.26429723944374117,0.18022090853569367,0.07222538769830135,0.05053115773890242,0.273149918323,0.18522415909530002,0.07382187490301825,0.050132635561209025
8.0,5.0,142.0,Desus and Mero,0.0,,1.0,verified,OIyg6oKSTTE,https://www.youtube.com/watch?v=OIyg6oKSTTE,Desus and Mero Get Smacked By Spicy Wings | Hot Ones,First We Feast,1.0,5376.0,0.1278432105654762,0.1774808946748857,2.0526315789473686,0.2116025554187192,0.2760377894300462,0.1010441,0.16015500522519,1.8157894736842104,0.18886747663551404,0.28276817041886626,0.28689994250546874,0.19727474145109747,0.0784560929412571,0.0538423158620507,0.271150865732,0.1921981343761,0.0768993541984203,0.054591966456142574
8.0,6.0,143.0,Offset,0.0,,1.0,verified,E9o_ifDQWLE,https://www.youtube.com/watch?v=E9o_ifDQWLE,Offset Screams Like Ric Flair While Eating Spicy Wings | Hot Ones,First We Feast,1.0,12618.0,0.11472941829132985,0.15680183559042082,2.0799827064418506,0.2032082818641213,0.25974713945134337,0.09028739999999999,0.14637557020123998,1.8177083333333333,0.16688983364140478,0.2577806573642977,0.2623837504259391,0.17810954735202886,0.06580654044325601,0.044739833328401604,0.24959884737500002,0.172463476417,0.06433739310184372,0.04587314762642244
8.0,7.0,144.0,Billie Eilish,1.0,,1.0,verified,YDr4ITrp7YI,https://www.youtube.com/watch?v=YDr4ITrp7YI,Billie Eilish Freaks Out While Eating Spicy Wings | Hot Ones,First We Feast,1.0,32031.0,0.08717064094158784,0.1726019402082589,1.7006323656223052,0.1485904315895908,0.2850896009887499,0.0784205,0.16149158534974994,1.7783505154639174,0.14549257884972172,0.28985484116941634,0.29800546243746057,0.20033086472952139,0.08059898130935433,0.0534128654403378,0.27574472663149996,0.1834958024869,0.0795237567985007,0.05030576732497252
8.0,8.0,145.0,Shaq,0.0,,0.0,verified,_sZH-psg9yE,https://www.youtube.com/watch?v=_sZH-psg9yE,Shaq Tries to Not Make a Face While Eating Spicy Wings | Hot Ones,First We Feast,1.0,31733.0,0.09661978697255223,0.1761482981043633,1.7452129179765647,0.15959792306491075,0.2809130565908662,0.10535270000000001,0.14304708003271,2.046511627906977,0.2010547709923664,0.25374925278258115,0.28691899415006455,0.189146234892002,0.07695554411784444,0.05063688225217117,0.2415152491885,0.1595519600052,0.060681936736812575,0.03784878068500789
8.0,9.0,146.0,Theo Von,0.0,,1.0,verified,yEmyUQsiPT4,https://www.youtube.com/watch?v=yEmyUQsiPT4,Theo Von Fights the Dark Arts While Eating Spicy Wings | Hot Ones,First We Feast,1.0,14065.0,0.21991328830430146,0.18051364597841565,3.388531883341572,0.3483983329578734,0.2412153477557251,0.16258889999999998,0.15057537386679,3.0229007633587788,0.30851783681214423,0.2407000921296661,0.27293277253130466,0.17945809803006754,0.07235913302656248,0.04657117852378841,0.27021734352149995,0.17703170108910002,0.06534846581822616,0.04068848279323069
8.0,10.0,147.0,Jimmy Butler,0.0,,1.0,verified,-Alsk1lQ_no,https://www.youtube.com/watch?v=-Alsk1lQ_no,Jimmy Butler Goes Rocky Balboa on Spicy Wings | Hot Ones,First We Feast,1.0,5975.0,0.14242743096234312,0.1506283267270402,2.648854961832061,0.25433469814704124,0.24051725384983416,0.13955220000000002,0.15623072867515994,2.5217391304347827,0.2461238095238096,0.249309393489544,0.24740041548294558,0.1634211483988452,0.05729526413849311,0.03791908524821532,0.2352046694775,0.1537584593647,0.05495434531641035,0.035486918719830056
8.0,11.0,148.0,Chelsea Handler,1.0,,1.0,verified,46Gk58jvB-I,https://www.youtube.com/watch?v=46Gk58jvB-I,Chelsea Handler Goes Off the Rails While Eating Spicy Wings | Hot Ones,First We Feast,1.0,7631.0,0.0943145066177434,0.21776568511651387,1.603134479271992,0.1397774325111672,0.3163817515784925,0.05970540000000001,0.22008213337084004,1.3274647887323945,0.09032586989409984,0.3301874825531389,0.3577485301939195,0.24537661220613288,0.09934432252828801,0.06872732079915433,0.3498299718773,0.2360946374742,0.09819298787387658,0.06942504840863609
8.0,12.0,149.0,Scarlett Johansson,1.0,,1.0,verified,SR5kfWXfxto,https://www.youtube.com/watch?v=SR5kfWXfxto,Scarlett Johansson Tries To Not Spoil Avengers While Eating Spicy Wings | Hot Ones,First We Feast,1.0,30028.0,0.19011657453043826,0.1813862261356353,2.780187573270809,0.2950752313020107,0.2505543736481542,0.0908656,0.15340101373664,1.7819148936170213,0.1737391969407266,0.2789113855190492,0.26169944250386973,0.16608395219728253,0.06464493891745637,0.040189368051501494,0.2344801427536,0.1492348361633,0.06204644331431884,0.037323455764865704
